{"cameraMode":{"drawMode":0,"name":"Shaded","section":"Shading Mode"},"sceneLighting":false,"audioPlay":false,"sceneViewState":{"m_AlwaysRefresh":false,"showFog":true,"showSkybox":false,"showFlares":true,"showImageEffects":true,"showParticleSystems":true,"showVisualEffectGraphs":true,"m_FxEnabled":true},"in2DMode":false,"pivot":{"x":0.8038182854652405,"y":0.061702609062194827,"z":1.0060079097747803},"rotation":{"x":-0.42466703057289126,"y":-0.28562504053115847,"z":0.14319156110286714,"w":-0.8471059203147888},"size":2.833012342453003,"orthographic":false}