{"cameraMode":{"drawMode":0,"name":"Shaded","section":"Shading Mode"},"sceneLighting":false,"audioPlay":false,"sceneViewState":{"m_AlwaysRefresh":false,"showFog":true,"showSkybox":false,"showFlares":true,"showImageEffects":true,"showParticleSystems":true,"showVisualEffectGraphs":true,"m_FxEnabled":true},"in2DMode":false,"pivot":{"x":-0.09613966941833496,"y":0.35621178150177,"z":-0.09387683868408203},"rotation":{"x":-0.09435520321130753,"y":-0.17526675760746003,"z":-0.016877515241503717,"w":0.9798446297645569},"size":4.303664207458496,"orthographic":false}